section,record_no,item,field,value,units,status,start_time,stop_time,ftir_timestamp,mole_timestamp,wall_clock_time,notes
Project Header,1,Project Header,Project ID,,,,,,,,,
Project Header,2,Project Header,Facility / Site,,,,,,,,,
Project Header,3,Project Header,Unit / Engine / Source,,,,,,,,,
Project Header,4,Project Header,Test Date,,,,,,,,,
Project Header,5,Project Header,Operator,,,,,,,,,
Project Header,6,Project Header,FTIR Operator,,,,,,,,,
Project Header,7,Project Header,MOLE Deployment Folder,,,,,,,,,
Project Header,8,Project Header,MOLE Package Version,,,,,,,,,
Project Header,9,Project Header,FTIR Project / File ID,,,,,,,,,
Project Header,10,Project Header,FTIR Computer Time Zone,,,,,,,,,
Project Header,11,Project Header,MOLE Computer Time Zone,,,,,,,,,
Project Header,12,Project Header,Known Clock Offset Between Systems,,,,,,,,,
Project Header,13,Project Header,Positive-Pressure Sample Confirmed,,,Yes / No,,,,,,,
Project Header,14,Project Header,Tee Installed on FTIR Incoming Line,,,Yes / No,,,,,,,
Project Header,15,Project Header,Block Valve Installed on MOLE Branch,,,Yes / No,,,,,,,
Project Header,16,Project Header,MOLE Vent Routed to Safe Vent,,,Yes / No,,,,,,,
Project Header,17,Project Header,Cal / Bias Gas Connected,,,Yes / No,,,,,,,
Installation and Setup,1,Setup Check,Tee installed upstream of FTIR measurement point,,,,,,,,,
Installation and Setup,2,Setup Check,Block valve installed on MOLE sample branch,,,,,,,,,
Installation and Setup,3,Setup Check,MOLE branch leak checked,,,,,,,,,
Installation and Setup,4,Setup Check,Vent line clear and routed safely,,,,,,,,,
Installation and Setup,5,Setup Check,Calibration gas connected,,,,,,,,,
Installation and Setup,6,Setup Check,Ambient purge path confirmed,,,,,,,,,
Installation and Setup,7,Setup Check,FTIR powered and stable,,,,,,,,,
Installation and Setup,8,Setup Check,MOLE powered and stable,,,,,,,,,
Installation and Setup,9,Setup Check,Time sync checked between MOLE and FTIR,,,,,,,,,
Warmup,1,Warmup,FTIR power on,,,,,,,
Warmup,2,Warmup,FTIR ready / stable,,,,,,,
Warmup,3,Warmup,MOLE power on,,,,,,,
Warmup,4,Warmup,MOLE ready / stable,,,,,,,
Warmup,5,Warmup,MOLE branch block valve opened,,,,,,,
Calibration Gas Record,1,Gas Record,Zero / purge basis,,,,,,,
Calibration Gas Record,2,Gas Record,Span gas,,,,,,,
Calibration Gas Record,3,Gas Record,Bias / cal gas,,,,,,,
Calibration Gas Record,4,Gas Record,Drift gas,,,,,,,
Pre-Project Calibration,1,Calibration Step,Ambient purge before calibration,,,,,,,
Pre-Project Calibration,2,Calibration Step,Pre-project zero,,,,,,,
Pre-Project Calibration,3,Calibration Step,Pre-project span,,,,,,,
Pre-Project Calibration,4,Calibration Step,Bias line verification,,,,,,,
Pre-Project Calibration,5,Calibration Step,O2 ambient confirmation during purge,,%,,,,,,
Test Run Log,1,Run 1,Run interval,,,,,,,
Test Run Log,2,Run 2,Run interval,,,,,,,
Test Run Log,3,Run 3,Run interval,,,,,,,
Test Run Log,4,Run 4,Run interval,,,,,,,
Test Run Log,5,Run 5,Run interval,,,,,,,
Test Run Log,6,Run 6,Run interval,,,,,,,
Bias Valve Event Log,1,Bias Event 1,Bias valve opening,,,,,,,
Bias Valve Event Log,2,Bias Event 2,Bias valve opening,,,,,,,
Bias Valve Event Log,3,Bias Event 3,Bias valve opening,,,,,,,
Bias Valve Event Log,4,Bias Event 4,Bias valve opening,,,,,,,
Bias Valve Event Log,5,Bias Event 5,Bias valve opening,,,,,,,
Bias Valve Event Log,6,Bias Event 6,Bias valve opening,,,,,,,
Bias Valve Event Log,7,Bias Event 7,Bias valve opening,,,,,,,
Bias Valve Event Log,8,Bias Event 8,Bias valve opening,,,,,,,
Bias Valve Event Log,9,Bias Event 9,Bias valve opening,,,,,,,
Bias Valve Event Log,10,Bias Event 10,Bias valve opening,,,,,,,
Bias Valve Event Log,11,Bias Event 11,Bias valve opening,,,,,,,
Bias Valve Event Log,12,Bias Event 12,Bias valve opening,,,,,,,
Ambient Purge After Run,1,Run 1 Purge,Ambient purge after run,,%,,,,,,
Ambient Purge After Run,2,Run 2 Purge,Ambient purge after run,,%,,,,,,
Ambient Purge After Run,3,Run 3 Purge,Ambient purge after run,,%,,,,,,
Ambient Purge After Run,4,Run 4 Purge,Ambient purge after run,,%,,,,,,
Ambient Purge After Run,5,Run 5 Purge,Ambient purge after run,,%,,,,,,
Ambient Purge After Run,6,Run 6 Purge,Ambient purge after run,,%,,,,,,
Timestamp Alignment,1,Alignment Marker,Project acquisition start,,,,,,,,,
Timestamp Alignment,2,Alignment Marker,First calibration step start,,,,,,,,,
Timestamp Alignment,3,Alignment Marker,First bias valve opening,,,,,,,,,
Timestamp Alignment,4,Alignment Marker,Mid-project bias valve opening,,,,,,,,,
Timestamp Alignment,5,Alignment Marker,Purge start after run 1,,,,,,,,,
Timestamp Alignment,6,Alignment Marker,Purge start after run 2,,,,,,,,,
Timestamp Alignment,7,Alignment Marker,Post-project drift test start,,,,,,,,,
Post-Project Drift,1,Drift Step,Ambient purge before drift,,,,,,,
Post-Project Drift,2,Drift Step,Post-project drift test,,,,,,,
Post-Project Drift,3,Drift Step,Final ambient purge,,,,,,,
Artifact Capture,1,Artifact,MOLE session folder,,,,,,,,,
Artifact Capture,2,Artifact,FTIR project / PRN export,,,,,,,,,
Artifact Capture,3,Artifact,Screenshot of MOLE warmup ready state,,,,,,,,,
Artifact Capture,4,Artifact,Screenshot of FTIR ready state,,,,,,,,,
Artifact Capture,5,Artifact,Screenshot of pre-project calibration,,,,,,,,,
Artifact Capture,6,Artifact,Screenshot of post-project drift test,,,,,,,,,
Artifact Capture,7,Artifact,Operator handwritten or typed notes,,,,,,,,,
Quick Field Notes,1,Note,Field note 1,,,,,,,,,
Quick Field Notes,2,Note,Field note 2,,,,,,,,,
Quick Field Notes,3,Note,Field note 3,,,,,,,,,
Quick Field Notes,4,Note,Field note 4,,,,,,,,,
Quick Field Notes,5,Note,Field note 5,,,,,,,,,
Quick Field Notes,6,Note,Field note 6,,,,,,,,,
Quick Field Notes,7,Note,Field note 7,,,,,,,,,
Quick Field Notes,8,Note,Field note 8,,,,,,,,,
